1,34,5,8,28,4,5,17,27,0,5,10
1,30,7,3,29,4,5,7,18,0,26,7
1,30,7,3,29,4,5,16,48,0,26,6
1,38,4,4,29,4,5,11,32,0,23,4
1,37,7,5,26,4,5,9,41,0,29,5
1,37,3,4,28,4,5,16,7,0,15,5
1,34,5,10,28,4,5,9,41,0,21,7
1,35,0,8,28,4,5,13,25,0,10,7
1,36,4,5,29,4,5,11,28,0,7,4
1,35,7,3,26,4,5,8,28,0,12,7
1,35,1,5,28,4,5,14,1,0,19,9
1,41,0,0,26,4,5,19,29,0,9,5
1,41,1,10,27,4,5,13,43,0,2,6
1,34,1,0,29,4,5,7,57,0,14,8
1,36,6,3,25,4,5,15,52,0,21,5
1,40,0,5,25,4,5,10,54,0,25,4
1,40,6,7,27,4,5,19,19,0,2,6
1,33,2,9,26,4,5,9,56,0,4,8
1,30,1,0,28,4,5,8,31,0,15,10
1,35,3,4,26,4,5,10,43,0,2,9
1,35,3,8,28,4,5,7,31,6,12,6
1,44,4,2,25,4,5,10,9,6,25,8
1,45,7,5,27,4,5,13,8,6,29,8
1,48,1,2,29,4,5,10,15,6,4,10
1,49,5,6,29,4,5,10,26,6,24,9
1,51,4,8,27,4,5,13,4,6,4,5
1,47,5,5,28,4,5,17,54,6,27,7
1,46,0,2,25,4,5,9,5,6,26,8
1,47,7,3,28,4,5,15,3,6,6,8
1,48,6,7,29,4,5,10,48,6,4,10
1,46,6,9,26,4,5,12,18,6,20,8
1,46,0,5,27,4,5,10,27,6,30,6
1,58,0,3,29,4,5,12,2,6,28,4
1,45,3,1,26,4,5,13,51,6,9,8
1,43,2,1,27,4,5,15,26,6,16,7
1,55,7,3,29,4,5,7,39,6,23,5
1,46,4,0,26,4,5,15,0,6,21,8
1,48,5,2,27,4,5,14,12,6,12,10
1,56,7,10,28,4,5,17,55,6,20,4
1,56,6,6,27,4,5,18,28,6,15,5
1,31,4,3,28,3,5,20,44,0,4,16
1,31,2,8,27,3,5,13,13,0,10,14
1,37,3,1,27,3,5,8,46,0,26,11
1,33,4,7,29,3,5,13,55,0,3,17
1,35,3,3,29,3,5,19,3,0,12,14
1,30,6,10,29,3,5,9,59,0,28,17
1,33,5,2,26,3,5,15,4,0,8,14
1,33,7,10,26,3,5,16,11,0,10,14
1,37,4,2,25,3,5,10,49,0,28,12
1,39,3,8,28,3,5,14,15,0,3,11
1,33,3,7,25,3,5,14,54,0,30,17
1,34,4,9,27,3,5,8,30,0,16,18
1,34,3,3,27,3,5,10,53,0,1,15
1,34,4,5,27,3,5,11,41,0,14,17
1,38,3,10,26,3,5,15,6,0,7,10
1,38,2,3,29,3,5,17,8,0,28,13
1,36,4,5,25,3,5,21,20,0,1,10
1,38,1,10,26,3,5,17,17,0,22,12
1,38,2,4,27,3,5,16,48,0,30,10
1,38,5,6,25,3,5,9,32,0,21,13
1,49,3,0,26,3,5,13,33,6,3,14
1,45,3,5,29,3,5,11,47,6,10,18
1,47,0,6,28,3,5,13,24,6,2,14
1,52,3,0,27,3,5,18,32,6,30,9
1,56,7,8,29,3,5,20,48,6,15,9
1,46,2,10,29,3,5,13,14,6,19,16
1,50,7,10,28,3,5,8,38,6,20,12
1,50,0,9,27,3,5,12,26,6,17,13
1,44,3,1,29,3,5,10,30,6,23,16
1,53,5,2,29,3,5,16,32,6,2,10
1,47,7,9,26,3,5,8,38,6,6,18
1,45,6,6,28,3,5,7,30,6,6,14
1,43,3,4,28,3,5,17,42,6,14,14
1,52,7,9,25,3,5,17,19,6,23,12
1,52,3,6,28,3,5,10,34,6,9,13
1,54,2,5,27,3,5,14,5,6,20,10
1,48,7,3,29,3,5,7,46,6,10,18
1,50,5,1,25,3,5,14,41,6,17,11
1,47,4,9,28,3,5,12,25,6,26,16
1,47,6,9,26,3,5,12,47,6,25,15
1,31,4,3,28,3,5,20,44,0,4,16
1,31,2,8,27,3,5,13,13,0,10,14
1,37,3,1,27,3,5,8,46,0,26,11
1,33,4,7,29,3,5,13,55,0,3,17
1,35,3,3,29,3,5,19,3,0,12,14
1,30,6,10,29,3,5,9,59,0,28,17
1,33,5,2,26,3,5,15,4,0,8,14
1,33,7,10,26,3,5,16,11,0,10,14
1,37,4,2,25,3,5,10,49,0,28,12
1,39,3,8,28,3,5,14,15,0,3,11
1,33,3,7,25,3,5,14,54,0,30,17
1,34,4,9,27,3,5,8,30,0,16,18
1,34,3,3,27,3,5,10,53,0,1,15
1,34,4,5,27,3,5,11,41,0,14,17
1,38,3,10,26,3,5,15,6,0,7,10
1,38,2,3,29,3,5,17,8,0,28,13
1,36,4,5,25,3,5,21,20,0,1,10
1,38,1,10,26,3,5,17,17,0,22,12
1,38,2,4,27,3,5,16,48,0,30,10
1,38,5,6,25,3,5,9,32,0,21,13
1,49,3,0,26,3,5,13,33,6,3,14
1,45,3,5,29,3,5,11,47,6,10,18
1,47,0,6,28,3,5,13,24,6,2,14
1,52,3,0,27,3,5,18,32,6,30,9
1,56,7,8,29,3,5,20,48,6,15,9
1,46,2,10,29,3,5,13,14,6,19,16
1,50,7,10,28,3,5,8,38,6,20,12
1,50,0,9,27,3,5,12,26,6,17,13
1,44,3,1,29,3,5,10,30,6,23,16
1,53,5,2,29,3,5,16,32,6,2,10
1,47,7,9,26,3,5,8,38,6,6,18
1,45,6,6,28,3,5,7,30,6,6,14
1,43,3,4,28,3,5,17,42,6,14,14
1,52,7,9,25,3,5,17,19,6,23,12
1,52,3,6,28,3,5,10,34,6,9,13
1,54,2,5,27,3,5,14,5,6,20,10
1,48,7,3,29,3,5,7,46,6,10,18
1,50,5,1,25,3,5,14,41,6,17,11
1,47,4,9,28,3,5,12,25,6,26,16
1,47,6,9,26,3,5,12,47,6,25,15
1,0,7,8,28,2,3,9,3,0,7,10
1,30,5,10,28,2,3,8,2,0,10,14
1,38,0,1,26,2,3,11,52,0,7,6
1,32,1,6,29,2,3,12,14,0,2,15
1,31,2,10,25,2,3,15,7,0,18,14
1,35,1,3,28,2,3,17,34,0,18,15
1,31,0,0,27,2,3,21,27,0,2,13
1,38,1,3,25,2,3,14,53,0,23,9
1,42,3,5,27,2,3,17,13,0,23,9
1,41,5,0,28,2,3,12,39,0,9,6
1,37,1,1,29,2,3,20,21,0,9,6
1,40,0,7,26,2,3,17,46,0,24,6
1,30,3,8,27,2,3,7,21,0,30,13
1,32,6,1,28,2,3,19,33,0,7,12
1,37,6,9,26,2,3,20,0,0,22,9
1,37,2,8,26,2,3,21,47,0,20,10
1,37,0,4,26,2,3,16,14,0,23,10
1,40,3,10,27,2,3,10,8,0,5,6
1,33,5,4,28,2,3,15,23,0,1,15
1,40,2,10,26,2,3,12,43,0,23,6
1,58,5,9,27,2,3,18,6,6,23,6
1,48,7,6,27,2,3,7,55,6,21,12
1,46,2,9,25,2,3,11,14,6,30,14
1,51,5,0,25,2,3,16,36,6,4,6
1,45,4,5,26,2,3,19,38,6,4,14
1,58,2,9,25,2,3,18,32,6,2,9
1,59,2,10,25,2,3,16,23,6,15,9
1,51,0,7,27,2,3,18,56,6,28,6
1,52,1,5,27,2,3,17,5,6,23,7
1,47,2,7,29,2,3,16,35,6,16,13
1,56,5,0,27,2,3,9,7,6,7,7
1,46,5,2,29,2,3,16,42,6,17,14
1,48,1,3,27,2,3,16,3,6,6,11
1,48,5,1,25,2,3,18,55,6,29,10
1,55,0,9,29,2,3,16,4,6,20,6
1,58,3,10,25,2,3,19,17,6,30,7
1,45,3,4,25,2,3,16,53,6,15,15
1,57,3,10,25,2,3,16,11,6,9,8
1,44,2,3,25,2,3,20,32,6,2,11
1,57,1,8,26,2,3,19,41,6,17,7
1,42,4,5,26,2,4,21,54,0,21,18
1,32,7,7,29,2,4,20,46,0,21,22
1,42,5,7,27,2,4,9,54,0,19,16
1,42,3,4,25,2,4,14,19,0,8,15
1,41,7,2,28,2,4,21,37,0,27,17
1,30,6,9,26,2,4,21,22,0,28,23
1,30,0,10,26,2,4,13,16,0,4,19
1,38,6,8,26,2,4,11,2,0,8,18
1,42,1,8,26,2,4,10,28,0,10,18
1,31,3,9,27,2,4,9,23,0,30,20
1,31,1,4,27,2,4,10,44,0,9,24
1,31,3,8,25,2,4,17,18,0,2,19
1,31,4,10,29,2,4,18,21,0,12,19
1,40,6,0,25,2,4,17,54,0,12,15
1,38,1,4,29,2,4,20,15,0,21,16
1,37,4,1,25,2,4,19,48,0,4,18
1,33,1,6,26,2,4,17,13,0,10,24
1,33,7,7,29,2,4,21,20,0,12,19
1,33,4,3,27,2,4,21,31,0,6,19
1,40,1,6,25,2,4,11,44,0,26,17
1,51,3,8,27,2,4,17,33,6,8,15
1,53,3,5,27,2,4,15,54,6,21,15
1,59,6,0,27,2,4,13,50,6,7,17
1,43,6,8,28,2,4,21,29,6,15,21
1,45,0,3,29,2,4,19,20,6,17,22
1,47,6,10,29,2,4,10,4,6,19,24
1,46,5,0,28,2,4,16,5,6,7,21
1,49,5,7,29,2,4,15,37,6,24,21
1,53,4,3,28,2,4,10,7,6,13,15
1,54,0,1,27,2,4,17,11,6,27,17
1,46,2,10,28,2,4,8,26,6,8,20
1,48,3,4,25,2,4,8,38,6,1,23
1,48,6,1,28,2,4,8,32,6,12,19
1,54,3,3,26,2,4,20,44,6,9,17
1,58,6,6,29,2,4,12,58,6,13,15
1,43,0,8,28,2,4,19,2,6,25,22
1,48,7,1,26,2,4,18,22,6,15,21
1,49,1,3,28,2,4,15,27,6,4,22
1,59,3,0,27,2,4,11,2,6,8,18
1,59,2,3,25,2,4,19,49,6,8,19
1,34,6,7,29,2,5,11,56,0,28,27
1,30,2,3,28,2,5,19,17,0,30,24
1,42,0,3,26,2,5,18,21,0,28,20
1,31,2,6,29,2,5,14,36,0,8,27
1,37,1,5,29,2,5,8,42,0,29,22
1,31,5,7,27,2,5,11,49,0,16,24
1,32,2,6,25,2,5,17,10,0,2,24
1,34,3,8,28,2,5,16,21,0,27,27
1,30,4,5,26,2,5,9,14,0,12,27
1,36,1,8,29,2,5,15,14,0,15,21
1,36,6,0,27,2,5,19,52,0,30,20
1,33,6,1,25,2,5,14,42,0,12,25
1,35,2,1,27,2,5,20,49,0,16,26
1,35,2,7,26,2,5,14,6,0,19,27
1,42,6,3,25,2,5,13,47,0,30,22
1,34,4,1,26,2,5,14,7,0,3,24
1,37,2,7,25,2,5,20,51,0,8,21
1,37,7,4,25,2,5,8,50,0,10,21
1,41,0,4,26,2,5,19,14,0,10,22
1,41,1,10,27,2,5,17,10,0,23,23
1,47,7,4,25,2,5,17,13,6,24,25
1,53,0,8,25,2,5,19,16,6,23,19
1,50,0,4,27,2,5,7,54,6,12,20
1,50,5,9,28,2,5,9,35,6,14,23
1,55,2,3,26,2,5,16,16,6,13,20
1,55,2,2,27,2,5,10,45,6,14,23
1,43,6,8,29,2,5,18,33,6,7,25
1,43,4,3,29,2,5,10,55,6,4,25
1,43,3,1,27,2,5,13,5,6,19,23
1,50,5,9,29,2,5,9,18,6,6,19
1,46,4,4,26,2,5,19,26,6,15,26
1,44,5,3,28,2,5,15,20,6,18,26
1,50,2,3,26,2,5,11,8,6,2,19
1,43,1,5,27,2,5,7,52,6,10,25
1,43,2,4,26,2,5,17,34,6,26,23
1,46,5,2,26,2,5,10,47,6,24,26
1,43,1,3,25,2,5,7,40,6,14,24
1,50,2,4,25,2,5,9,36,6,16,22
1,59,3,1,25,2,5,10,9,6,12,22
1,59,4,2,28,2,5,18,33,6,1,23
1,41,0,4,25,1,4,19,22,0,30,22
1,32,3,4,26,1,4,12,1,0,8,24
1,35,3,0,25,1,4,8,45,0,24,24
1,38,2,4,27,1,4,13,27,0,11,18
1,32,4,0,27,1,4,10,10,0,24,24
1,32,3,7,27,1,4,8,29,0,6,28
1,33,2,9,26,1,4,18,47,0,14,24
1,35,4,4,29,1,4,21,6,0,28,24
1,32,0,7,27,1,4,18,45,0,24,30
1,34,1,3,29,1,4,16,24,0,8,24
1,31,7,10,25,1,4,15,44,0,6,25
1,36,7,4,29,1,4,10,31,0,27,22
1,36,1,0,27,1,4,7,29,0,22,18
1,42,0,5,27,1,4,18,53,0,24,19
1,33,2,4,25,1,4,21,11,0,3,24
1,40,5,8,25,1,4,17,9,0,12,21
1,35,1,0,29,1,4,18,20,0,17,30
1,38,5,7,25,1,4,14,43,0,11,20
1,30,4,8,28,1,4,8,29,0,20,28
1,30,5,9,28,1,4,9,26,0,27,23
1,43,4,6,25,1,4,20,56,6,7,30
1,45,5,10,25,1,4,20,32,6,19,27
1,55,5,10,26,1,4,16,33,6,12,20
1,54,6,5,29,1,4,13,15,6,26,21
1,52,6,5,25,1,4,14,5,6,13,17
1,49,3,7,26,1,4,15,15,6,4,28
1,48,7,9,25,1,4,10,4,6,25,29
1,47,7,0,26,1,4,9,3,6,4,26
1,43,6,3,29,1,4,17,31,6,13,26
1,52,2,3,25,1,4,7,43,6,15,19
1,49,6,9,29,1,4,17,55,6,14,25
1,47,1,6,29,1,4,15,18,6,29,30
1,47,4,5,27,1,4,16,48,6,29,24
1,46,5,4,28,1,4,16,14,6,18,29
1,47,5,10,28,1,4,15,20,6,25,25
1,47,6,3,25,1,4,8,25,6,15,24
1,52,5,0,29,1,4,15,6,6,20,20
1,52,1,1,29,1,4,13,48,6,29,23
1,56,2,3,27,1,4,10,58,6,21,17
1,46,2,9,29,1,4,7,20,6,3,26
1,39,7,8,27,1,3,21,38,0,21,10
1,34,2,1,25,1,3,20,29,0,30,19
1,31,4,4,26,1,3,8,44,0,25,20
1,34,5,5,28,1,3,14,35,0,20,19
1,36,6,10,29,1,3,15,48,0,19,11
1,34,5,0,26,1,3,17,37,0,30,18
1,35,3,10,28,1,3,14,58,0,28,16
1,40,6,0,29,1,3,18,38,0,5,12
1,34,5,0,29,1,3,7,15,0,3,18
1,34,1,8,27,1,3,14,54,0,27,20
1,36,3,6,28,1,3,19,31,0,6,10
1,39,4,8,26,1,3,15,38,0,12,13
1,35,1,6,25,1,3,12,6,0,28,19
1,40,0,5,27,1,3,20,6,0,1,13
1,32,0,5,27,1,3,13,25,0,15,18
1,42,3,5,26,1,3,15,59,0,28,13
1,35,4,10,28,1,3,20,18,0,12,20
1,35,2,8,25,1,3,10,1,0,14,14
1,35,0,9,29,1,3,13,23,0,10,15
1,34,4,0,27,1,3,15,26,0,29,16
1,49,2,2,25,1,3,11,54,6,19,15
1,49,5,10,25,1,3,19,33,6,22,14
1,49,0,3,26,1,3,21,0,6,24,16
1,54,0,8,27,1,3,14,36,6,21,11
1,44,2,7,26,1,3,20,44,6,27,20
1,58,3,7,29,1,3,16,15,6,16,11
1,46,0,3,29,1,3,12,40,6,18,18
1,43,2,6,25,1,3,12,49,6,5,16
1,43,3,7,25,1,3,13,16,6,17,17
1,48,0,8,25,1,3,15,31,6,11,16
1,58,7,8,29,1,3,13,9,6,2,11
1,51,2,5,29,1,3,12,39,6,26,12
1,47,0,7,26,1,3,19,47,6,10,16
1,46,1,2,29,1,3,10,7,6,29,17
1,45,6,2,29,1,3,9,46,6,13,19
1,52,6,2,26,1,3,16,1,6,28,13
1,57,2,5,28,1,3,20,39,6,25,12
1,45,5,9,26,1,3,11,42,6,19,18
1,46,1,10,25,1,3,13,8,6,19,20
1,46,6,0,27,1,3,19,17,6,13,14
1,31,3,5,29,1,2,16,58,0,11,7
1,34,4,8,28,1,2,16,50,0,1,8
1,34,7,10,26,1,2,8,55,0,12,7
1,35,1,7,29,1,2,9,23,0,13,7
1,35,2,8,26,1,2,15,1,0,22,7
1,41,0,3,28,1,2,13,42,0,17,5
1,41,6,1,28,1,2,20,5,0,22,6
1,41,2,5,28,1,2,7,1,0,11,6
1,34,6,6,27,1,2,18,16,0,17,7
1,36,0,4,27,1,2,19,54,0,2,5
1,33,4,7,28,1,2,10,51,0,6,8
1,34,4,3,28,1,2,19,2,0,12,8
1,34,6,10,27,1,2,16,29,0,3,6
1,34,2,0,25,1,2,11,8,0,29,6
1,37,1,3,26,1,2,20,9,0,20,5
1,33,7,10,29,1,2,8,31,0,29,7
1,33,3,5,26,1,2,11,7,0,3,6
1,35,5,10,28,1,2,20,57,0,27,7
1,35,1,6,28,1,2,18,19,0,1,7
1,35,3,0,29,1,2,17,46,0,17,6
1,48,5,3,25,1,2,17,57,6,4,8
1,50,6,0,26,1,2,20,56,6,18,5
1,50,2,3,25,1,2,16,26,6,21,6
1,48,7,5,26,1,2,15,57,6,28,7
1,46,4,3,25,1,2,12,17,6,18,8
1,49,7,7,28,1,2,10,50,6,1,8
1,49,0,7,27,1,2,16,47,6,19,6
1,53,1,6,27,1,2,12,13,6,6,5
1,57,5,8,26,1,2,14,59,6,16,5
1,44,4,3,28,1,2,10,44,6,29,8
1,45,5,3,26,1,2,9,27,6,22,7
1,43,7,7,27,1,2,17,3,6,18,7
1,59,7,10,28,1,2,11,58,6,10,5
1,52,5,4,25,1,2,18,29,6,23,5
1,50,3,4,25,1,2,16,58,6,12,5
1,45,0,7,29,1,2,14,4,6,19,8
1,47,1,9,28,1,2,20,58,6,1,7
1,44,7,7,25,1,2,18,16,6,24,8
1,47,0,3,25,1,2,10,34,6,19,8
1,50,6,6,26,1,2,10,46,6,7,5
1,36,6,10,26,1,5,15,40,0,7,25
1,38,2,3,26,1,5,11,47,0,9,21
1,35,7,4,26,1,5,19,0,0,29,31
1,38,3,7,29,1,5,16,57,0,4,24
1,34,5,3,25,1,5,12,11,0,19,29
1,42,7,1,28,1,5,17,8,0,10,20
1,35,7,9,27,1,5,21,45,0,10,30
1,30,1,10,25,1,5,12,6,0,22,30
1,30,1,5,26,1,5,14,12,0,10,26
1,40,7,8,29,1,5,16,9,0,7,23
1,35,6,3,26,1,5,7,59,0,16,33
1,32,2,1,28,1,5,21,10,0,23,31
1,39,4,2,29,1,5,16,29,0,27,20
1,32,3,6,25,1,5,15,45,0,1,31
1,33,2,0,28,1,5,15,17,0,13,27
1,36,4,3,25,1,5,18,27,0,29,25
1,38,1,10,27,1,5,20,20,0,3,25
1,31,2,8,26,1,5,13,36,0,28,34
1,34,7,4,26,1,5,8,2,0,26,31
1,34,7,10,29,1,5,20,43,0,21,30
1,55,2,2,25,1,5,18,58,6,9,23
1,55,0,4,27,1,5,10,16,6,26,26
1,53,4,10,27,1,5,18,10,6,3,24
1,56,2,4,29,1,5,17,54,6,6,24
1,50,7,1,25,1,5,20,53,6,5,21
1,58,6,0,27,1,5,11,17,6,4,24
1,58,5,10,26,1,5,11,3,6,8,26
1,48,1,6,27,1,5,20,40,6,8,29
1,58,5,0,29,1,5,18,58,6,25,24
1,57,7,8,28,1,5,12,35,6,6,20
1,50,1,9,26,1,5,8,34,6,9,22
1,45,4,1,27,1,5,13,55,6,4,30
1,54,5,9,25,1,5,16,58,6,7,22
1,52,0,1,25,1,5,18,49,6,5,23
1,49,6,1,26,1,5,18,19,6,14,28
1,57,0,3,26,1,5,17,5,6,8,20
1,53,2,4,26,1,5,11,29,6,2,23
1,58,3,9,25,1,5,18,38,6,6,24
1,58,5,6,26,1,5,11,11,6,16,24
1,52,7,8,27,1,5,10,34,6,26,24
1,50,0,0,26,1,5,15,23,5,22,30
1,50,0,0,26,1,5,15,23,5,22,30
1,39,0,1,28,1,5,16,30,2,23,22
1,37,7,5,26,1,5,15,6,4,20,24
1,41,5,10,25,1,5,13,18,2,20,23
1,41,6,7,28,1,5,13,56,4,21,27
1,36,0,3,29,1,5,16,23,5,24,24
1,33,3,0,25,1,5,13,43,4,27,30
1,32,2,6,27,1,5,15,59,2,17,30
1,32,0,1,25,1,5,15,44,3,6,31
1,42,6,0,27,1,5,13,19,1,10,25
1,42,4,0,28,1,5,16,4,2,27,27
1,46,0,5,27,1,5,23,14,4,13,28
1,46,4,1,29,1,5,21,19,5,20,28
1,56,4,6,28,1,5,21,53,1,11,20
1,53,1,1,27,1,5,22,53,1,14,23
1,46,6,10,29,1,5,21,41,3,11,34
1,59,3,10,26,1,5,22,30,5,7,24
1,50,5,5,28,1,5,23,46,2,20,20
1,48,2,3,26,1,5,22,43,4,5,33
1,47,7,10,25,1,5,21,46,1,29,30
1,50,3,6,28,1,5,23,37,1,29,26
1,51,0,7,29,1,5,1,22,3,13,20
1,56,2,2,26,1,5,5,6,5,21,24
1,49,2,8,25,1,5,3,45,5,29,33
1,52,2,8,26,1,5,1,14,1,6,25
1,57,7,5,26,1,5,3,38,4,10,23
1,51,7,2,25,1,5,1,13,4,11,25
1,30,5,6,25,1,5,17,0,1,8,32
1,37,0,3,26,1,5,13,13,4,28,25
1,37,4,0,26,1,5,16,56,5,28,22
1,38,6,10,29,1,5,14,2,1,12,26
1,37,5,7,26,1,5,15,12,3,16,20
1,40,4,7,25,1,5,14,43,2,8,24
1,33,5,8,28,1,5,16,10,5,19,28
1,41,3,5,26,1,5,17,4,4,11,21
1,32,7,10,29,1,5,14,6,1,14,33
1,39,2,7,28,1,5,14,29,3,22,22
1,46,0,6,26,1,5,21,18,2,12,34
1,48,2,5,25,1,5,22,29,2,17,33
1,50,2,4,29,1,5,23,6,2,7,25
1,49,6,6,27,1,5,22,39,1,28,33
1,54,3,9,27,1,5,21,46,4,10,23
1,56,5,1,26,1,5,23,33,5,23,20
1,48,4,5,25,1,5,21,29,3,12,33
1,43,5,0,26,1,5,21,52,1,7,30
1,49,1,10,26,1,5,23,36,3,20,34
1,53,0,8,26,1,5,23,38,1,9,26
1,45,6,4,28,1,5,1,37,5,13,31
1,52,3,10,28,1,5,6,7,2,18,20
1,44,7,8,26,1,5,6,31,5,8,28
1,44,6,0,29,1,5,1,24,1,12,27
1,54,4,6,26,1,5,3,14,4,13,23
1,54,5,0,26,1,5,0,8,3,21,27
1,30,7,3,27,1,2,17,57,5,29,9
1,34,6,3,27,1,2,15,51,2,23,7
1,31,4,1,26,1,2,17,46,4,26,8
1,35,2,7,29,1,2,14,36,4,5,8
1,42,1,4,25,1,2,14,20,1,12,5
1,31,0,1,27,1,2,17,49,1,6,9
1,32,1,4,29,1,2,13,52,4,6,9
1,35,1,3,28,1,2,17,3,2,9,9
1,35,7,6,29,1,2,16,33,1,9,6
1,33,2,4,29,1,2,16,41,5,9,7
1,33,6,6,26,1,2,23,41,1,9,6
1,49,3,6,27,1,2,23,13,5,6,9
1,45,7,7,26,1,2,22,50,5,29,9
1,53,1,8,25,1,2,22,4,3,5,5
1,47,3,9,26,1,2,23,16,5,6,7
1,53,3,3,27,1,2,22,20,3,27,5
1,58,0,7,28,1,2,22,50,4,8,5
1,59,5,3,26,1,2,21,40,2,20,5
1,45,1,4,26,1,2,21,51,3,17,9
1,44,1,2,27,1,2,21,51,5,29,9
1,44,5,9,25,1,2,5,22,1,24,6
1,43,3,5,26,1,2,5,3,4,15,8
1,56,1,8,27,1,2,6,24,2,26,5
1,56,3,2,28,1,2,0,6,2,30,6
1,56,2,5,25,1,2,3,21,2,18,6
1,47,1,7,29,1,2,4,40,5,8,7
1,42,4,9,27,1,2,17,24,5,11,5
1,34,5,1,26,1,2,14,23,2,26,8
1,30,6,9,25,1,2,15,6,4,21,9
1,37,7,2,25,1,2,15,53,2,12,5
1,30,3,2,29,1,2,14,10,5,12,7
1,30,4,4,28,1,2,15,46,2,22,9
1,30,1,2,25,1,2,15,22,1,22,6
1,40,6,7,29,1,2,16,21,5,19,5
1,35,1,8,29,1,2,15,2,5,5,7
1,41,5,7,28,1,2,15,50,4,15,5
1,52,0,9,29,1,2,22,31,2,29,5
1,53,5,6,29,1,2,23,25,2,15,5
1,49,0,2,27,1,2,23,33,2,10,7
1,49,7,0,25,1,2,22,2,4,10,9
1,48,4,9,29,1,2,22,36,2,19,8
1,45,7,2,25,1,2,23,32,2,13,7
1,49,6,1,29,1,2,23,39,4,27,9
1,48,2,5,25,1,2,22,44,4,28,8
1,47,3,2,28,1,2,21,32,2,26,9
1,46,2,1,25,1,2,22,26,4,20,9
1,46,2,5,25,1,2,1,52,5,10,6
1,48,1,0,28,1,2,4,16,1,10,7
1,54,5,0,28,1,2,5,15,4,13,5
1,54,5,7,29,1,2,3,13,4,11,6
1,44,4,3,29,1,2,0,52,4,22,7
1,44,4,2,25,1,2,2,34,4,8,7
1,33,1,0,27,1,3,14,14,1,20,16
1,41,2,3,27,1,3,16,51,2,22,13
1,39,6,7,25,1,3,16,15,4,25,11
1,34,1,0,29,1,3,13,58,1,16,17
1,30,5,6,29,1,3,16,39,3,6,16
1,31,2,7,27,1,3,17,55,3,18,19
1,32,2,3,29,1,3,14,31,4,11,16
1,38,0,3,27,1,3,16,10,4,5,12
1,41,3,3,25,1,3,14,49,1,20,10
1,34,6,8,28,1,3,15,31,1,20,17
1,44,3,7,28,1,3,23,10,5,8,19
1,46,4,9,28,1,3,22,42,1,5,18
1,45,3,2,26,1,3,21,49,1,28,16
1,50,6,8,27,1,3,22,55,5,18,12
1,44,5,8,29,1,3,23,43,5,11,16
1,44,7,1,25,1,3,21,54,3,5,16
1,57,0,4,28,1,3,22,23,3,13,11
1,48,1,4,29,1,3,22,30,3,10,18
1,44,2,6,26,1,3,23,33,5,12,17
1,55,0,8,25,1,3,23,36,2,26,11
1,43,1,8,25,1,3,3,52,2,28,16
1,54,7,4,25,1,3,1,19,2,10,11
1,53,7,2,27,1,3,6,57,1,5,14
1,46,4,9,25,1,3,5,48,1,20,17
1,48,3,10,29,1,3,1,48,3,11,19
1,54,2,10,25,1,3,1,59,5,12,13
1,39,2,4,27,1,3,17,38,3,10,11
1,30,5,5,27,1,3,14,28,5,24,18
1,42,0,2,29,1,3,15,15,2,10,11
1,31,2,10,27,1,3,13,43,3,12,19
1,31,3,2,25,1,3,14,2,1,24,15
1,36,0,7,25,1,3,16,6,3,12,12
1,41,7,6,27,1,3,14,52,2,20,14
1,30,7,0,26,1,3,14,20,2,26,17
1,32,0,8,28,1,3,15,45,3,9,17
1,39,4,6,29,1,3,14,19,2,6,12
1,51,7,3,29,1,3,21,35,3,14,10
1,52,1,10,29,1,3,22,21,2,26,11
1,52,4,1,27,1,3,21,13,5,14,11
1,43,0,3,25,1,3,22,25,5,29,19
1,46,0,6,27,1,3,23,43,2,25,18
1,46,1,4,28,1,3,21,59,3,27,15
1,46,1,9,25,1,3,23,59,2,13,20
1,46,1,2,28,1,3,23,53,1,15,15
1,58,4,2,25,1,3,22,56,1,12,13
1,46,0,9,29,1,3,23,45,4,23,19
1,47,0,2,25,1,3,4,30,2,20,17
1,49,6,10,26,1,3,3,43,2,15,16
1,49,1,2,29,1,3,2,28,5,23,20
1,45,3,1,27,1,3,5,3,2,20,16
1,55,0,5,26,1,3,5,45,5,17,10
1,49,0,8,28,1,3,5,28,4,5,20
1,40,3,10,27,1,4,16,51,4,23,18
1,36,5,4,28,1,4,13,37,4,13,22
1,41,5,7,25,1,4,16,1,2,26,19
1,40,1,1,25,1,4,15,29,3,14,17
1,35,7,5,25,1,4,16,46,1,14,28
1,33,5,8,26,1,4,16,18,2,25,25
1,37,0,8,26,1,4,14,58,4,28,20
1,36,1,7,27,1,4,14,42,2,15,17
1,35,1,9,27,1,4,15,31,4,30,24
1,34,5,6,26,1,4,14,56,5,28,27
1,43,1,1,28,1,4,22,45,3,28,28
1,49,6,5,28,1,4,22,39,5,28,29
1,44,6,6,25,1,4,22,3,4,15,28
1,43,1,8,29,1,4,21,39,3,6,25
1,43,1,3,25,1,4,23,11,4,5,23
1,45,1,0,28,1,4,22,25,2,14,30
1,46,7,4,25,1,4,23,3,3,17,28
1,44,4,5,29,1,4,22,21,2,17,30
1,43,7,2,28,1,4,21,16,1,27,27
1,49,3,7,27,1,4,23,59,4,13,29
1,55,7,5,27,1,4,1,55,3,28,22
1,47,5,8,27,1,4,0,54,2,23,29
1,54,0,9,25,1,4,2,19,3,20,18
1,46,2,1,27,1,4,3,23,3,17,30
1,55,3,5,25,1,4,4,47,2,14,18
1,56,2,10,28,1,4,3,9,1,12,18
1,30,3,3,27,1,4,14,36,1,6,24
1,34,6,2,25,1,4,16,27,5,21,26
1,30,6,6,29,1,4,14,6,3,17,28
1,32,6,1,25,1,4,17,36,1,11,24
1,32,5,0,29,1,4,16,10,5,22,29
1,37,1,0,26,1,4,13,5,4,7,19
1,36,5,0,26,1,4,15,30,4,24,17
1,30,5,0,26,1,4,16,49,4,26,30
1,30,0,2,27,1,4,15,42,1,18,27
1,31,2,10,28,1,4,14,12,5,10,26
1,59,4,0,27,1,4,23,26,1,10,19
1,43,5,10,28,1,4,23,11,2,22,24
1,54,7,1,28,1,4,22,31,2,11,17
1,59,3,2,27,1,4,22,49,3,23,20
1,51,6,6,27,1,4,21,11,1,21,19
1,54,4,9,29,1,4,22,2,5,22,21
1,48,3,6,27,1,4,21,20,5,18,25
1,54,6,0,25,1,4,22,24,3,8,22
1,50,6,3,28,1,4,22,56,5,5,21
1,45,4,5,25,1,4,22,22,2,17,25
1,45,4,6,28,1,4,5,38,4,15,23
1,48,6,9,29,1,4,3,19,1,14,25
1,48,1,0,26,1,4,3,39,2,11,26
1,53,4,4,26,1,4,2,56,3,26,17
1,43,4,5,25,1,4,0,5,3,18,28
1,43,6,3,28,1,4,6,18,4,6,23
1,30,3,3,27,1,4,14,36,1,6,24
1,34,6,2,25,1,4,16,27,5,21,26
1,30,6,6,29,1,4,14,6,3,17,28
1,32,6,1,25,1,4,17,36,1,11,24
1,32,5,0,29,1,4,16,10,5,22,29
1,37,1,0,26,1,4,13,5,4,7,19
1,36,5,0,26,1,4,15,30,4,24,17
1,30,5,0,26,1,4,16,49,4,26,30
1,30,0,2,27,1,4,15,42,1,18,27
1,31,2,10,28,1,4,14,12,5,10,26
1,59,4,0,27,1,4,23,26,1,10,19
1,43,5,10,28,1,4,23,11,2,22,24
1,54,7,1,28,1,4,22,31,2,11,17
1,59,3,2,27,1,4,22,49,3,23,20
1,51,6,6,27,1,4,21,11,1,21,19
1,54,4,9,29,1,4,22,2,5,22,21
1,48,3,6,27,1,4,21,20,5,18,25
1,54,6,0,25,1,4,22,24,3,8,22
1,50,6,3,28,1,4,22,56,5,5,21
1,45,4,5,25,1,4,22,22,2,17,25
1,45,4,6,28,1,4,5,38,4,15,23
1,48,6,9,29,1,4,3,19,1,14,25
1,48,1,0,26,1,4,3,39,2,11,26
1,53,4,4,26,1,4,2,56,3,26,17
1,43,4,5,25,1,4,0,5,3,18,28
1,43,6,3,28,1,4,6,18,4,6,23
1,30,3,3,27,1,4,14,36,1,6,24
1,34,6,2,25,1,4,16,27,5,21,26
1,30,6,6,29,1,4,14,6,3,17,28
1,32,6,1,25,1,4,17,36,1,11,24
1,32,5,0,29,1,4,16,10,5,22,29
1,37,1,0,26,1,4,13,5,4,7,19
1,36,5,0,26,1,4,15,30,4,24,17
1,30,5,0,26,1,4,16,49,4,26,30
1,30,0,2,27,1,4,15,42,1,18,27
1,31,2,10,28,1,4,14,12,5,10,26
1,59,4,0,27,1,4,23,26,1,10,19
1,43,5,10,28,1,4,23,11,2,22,24
1,54,7,1,28,1,4,22,31,2,11,17
1,59,3,2,27,1,4,22,49,3,23,20
1,51,6,6,27,1,4,21,11,1,21,19
1,54,4,9,29,1,4,22,2,5,22,21
1,48,3,6,27,1,4,21,20,5,18,25
1,54,6,0,25,1,4,22,24,3,8,22
1,50,6,3,28,1,4,22,56,5,5,21
1,45,4,5,25,1,4,22,22,2,17,25
1,45,4,6,28,1,4,5,38,4,15,23
1,48,6,9,29,1,4,3,19,1,14,25
1,48,1,0,26,1,4,3,39,2,11,26
1,53,4,4,26,1,4,2,56,3,26,17
1,43,4,5,25,1,4,0,5,3,18,28
1,43,6,3,28,1,4,6,18,4,6,23
1,33,7,5,26,2,4,13,53,5,26,23
1,36,2,4,27,2,4,13,18,4,18,18
1,40,1,3,26,2,4,17,12,5,22,18
1,30,7,9,29,2,4,15,19,1,16,21
1,41,4,9,27,2,4,14,22,2,14,17
1,33,7,0,27,2,4,16,49,1,21,23
1,33,4,8,27,2,4,15,17,1,17,19
1,34,6,0,27,2,4,17,37,3,6,21
1,32,0,1,27,2,4,17,7,4,18,21
1,34,3,2,27,2,4,13,56,3,8,24
1,56,1,6,25,2,4,22,21,4,7,18
1,45,2,3,27,2,4,23,8,4,27,22
1,46,1,7,26,2,4,21,46,4,20,22
1,43,7,0,27,2,4,21,15,1,19,22
1,45,7,6,28,2,4,21,16,1,19,24
1,47,1,1,28,2,4,23,59,1,15,24
1,48,2,9,29,2,4,22,11,4,19,20
1,46,0,1,29,2,4,22,59,4,27,24
1,44,6,10,28,2,4,21,51,5,11,20
1,58,2,4,25,2,4,22,35,5,30,15
1,43,3,5,25,2,4,3,55,2,28,24
1,47,7,2,28,2,4,1,51,4,24,20
1,59,2,7,27,2,4,4,17,3,14,18
1,43,5,10,29,2,4,0,17,4,27,23
1,55,2,0,26,2,4,5,6,5,22,17
1,47,3,2,27,2,4,1,18,5,23,22
1,42,3,1,27,2,4,14,21,4,17,16
1,38,3,6,26,2,4,14,45,2,5,18
1,30,5,6,28,2,4,14,40,4,7,21
1,35,6,1,25,2,4,13,51,5,26,21
1,33,2,7,26,2,4,13,17,2,25,23
1,30,0,2,28,2,4,13,46,2,20,22
1,36,2,8,25,2,4,13,20,5,8,16
1,39,6,1,28,2,4,14,19,3,11,17
1,37,7,8,26,2,4,16,28,1,6,18
1,37,7,8,27,2,4,15,44,4,6,19
1,58,7,4,26,2,4,23,29,2,22,15
1,58,1,3,26,2,4,23,25,3,6,19
1,47,3,4,26,2,4,21,40,1,17,24
1,50,6,8,29,2,4,21,44,5,11,18
1,44,1,1,25,2,4,23,21,3,22,21
1,44,2,2,26,2,4,21,4,5,22,20
1,48,1,8,27,2,4,21,55,3,12,22
1,53,6,9,27,2,4,21,6,4,27,15
1,51,3,1,25,2,4,21,5,2,16,18
1,43,4,0,28,2,4,22,35,1,27,23
1,47,7,9,25,2,4,1,24,4,25,22
1,56,7,10,26,2,4,5,58,2,26,16
1,45,5,2,26,2,4,1,42,3,10,22
1,50,1,6,26,2,4,4,55,5,5,17
1,44,2,5,25,2,4,4,1,3,25,24
1,46,0,1,27,2,4,1,28,2,16,21
1,35,4,0,26,2,3,17,53,5,25,14
1,42,6,9,28,2,3,14,41,5,11,6
1,42,5,10,29,2,3,13,25,2,6,9
1,31,4,4,26,2,3,16,45,5,15,14
1,30,6,2,28,2,3,13,7,2,28,11
1,34,3,6,27,2,3,13,18,3,7,16
1,34,5,6,28,2,3,13,3,2,29,13
1,34,2,1,29,2,3,16,52,3,27,9
1,35,5,8,29,2,3,14,5,5,10,10
1,32,0,10,28,2,3,16,15,2,25,12
1,58,3,8,28,2,3,22,46,4,12,6
1,56,7,4,28,2,3,23,1,4,21,8
1,54,4,0,28,2,3,21,15,1,27,6
1,48,4,7,29,2,3,23,16,3,25,15
1,48,4,9,29,2,3,23,11,5,15,15
1,56,4,3,29,2,3,21,31,5,11,6
1,56,6,1,25,2,3,23,49,2,12,9
1,55,2,9,28,2,3,22,50,3,21,6
1,43,4,5,27,2,3,21,16,5,15,15
1,48,2,4,29,2,3,23,7,4,23,14
1,46,5,6,26,2,3,3,7,4,16,15
1,44,2,8,27,2,3,2,45,5,20,16
1,45,6,6,28,2,3,0,38,1,12,12
1,46,1,5,26,2,3,3,37,3,13,12
1,49,5,5,26,2,3,5,46,4,16,15
1,53,7,10,25,2,3,3,20,4,11,6
1,41,3,4,29,2,3,15,17,3,10,8
1,31,0,9,26,2,3,14,41,5,21,11
1,30,3,3,28,2,3,16,32,3,29,10
1,42,1,5,25,2,3,13,8,1,10,6
1,33,5,0,25,2,3,17,45,5,20,15
1,30,1,8,26,2,3,15,50,5,11,11
1,30,5,6,27,2,3,15,47,3,9,13
1,34,3,6,29,2,3,14,21,5,22,12
1,32,6,7,27,2,3,13,16,2,17,12
1,30,0,6,25,2,3,15,18,2,13,15
1,45,4,8,29,2,3,21,13,3,17,13
1,45,2,6,29,2,3,21,13,5,13,9
1,45,4,7,26,2,3,22,40,2,7,11
1,52,1,2,28,2,3,22,38,5,22,8
1,52,7,5,28,2,3,21,23,1,14,9
1,45,3,3,28,2,3,22,36,3,16,13
1,44,4,5,25,2,3,23,11,2,13,16
1,44,7,8,28,2,3,21,45,1,8,13
1,44,0,5,25,2,3,21,47,4,22,10
1,50,3,10,25,2,3,22,34,5,5,7
1,59,5,9,28,2,3,0,36,2,6,8
1,50,3,0,25,2,3,0,29,1,27,6
1,47,5,6,29,2,3,6,34,3,30,13
1,46,7,0,25,2,3,4,30,2,22,12
1,43,0,1,26,2,3,3,51,3,13,13
1,44,0,4,28,2,3,3,5,4,6,16
1,34,4,2,29,3,5,13,12,4,9,18
1,32,2,9,26,3,5,14,12,2,20,15
1,40,5,5,28,3,5,14,12,3,18,11
1,34,1,2,25,3,5,17,1,5,17,15
1,38,0,2,27,3,5,16,42,4,7,12
1,40,4,2,25,3,5,15,3,2,5,10
1,32,7,6,28,3,5,15,3,1,29,15
1,40,3,1,27,3,5,14,57,1,5,12
1,30,1,4,29,3,5,13,20,3,17,15
1,42,1,10,29,3,5,14,28,3,6,11
1,44,3,2,27,3,5,21,10,5,22,17
1,48,3,6,29,3,5,23,23,5,20,16
1,43,3,10,28,3,5,23,4,4,26,19
1,59,0,9,25,3,5,22,43,2,21,11
1,59,2,8,29,3,5,23,5,1,7,11
1,48,1,5,26,3,5,21,19,5,14,19
1,48,3,1,27,3,5,23,38,3,20,15
1,45,6,10,28,3,5,22,38,1,27,15
1,52,0,9,28,3,5,21,28,3,10,11
1,44,7,1,29,3,5,22,20,4,5,16
1,53,1,5,29,3,5,4,11,2,27,9
1,53,1,8,25,3,5,0,34,5,24,14
1,46,2,3,28,3,5,3,58,2,21,19
1,46,0,7,26,3,5,2,26,1,23,19
1,56,7,7,29,3,5,6,52,2,15,10
1,54,4,5,25,3,5,6,57,5,19,10
1,34,4,2,29,3,5,13,12,4,9,18
1,32,2,9,26,3,5,14,12,2,20,15
1,40,5,5,28,3,5,14,12,3,18,11
1,34,1,2,25,3,5,17,1,5,17,15
1,38,0,2,27,3,5,16,42,4,7,12
1,40,4,2,25,3,5,15,3,2,5,10
1,32,7,6,28,3,5,15,3,1,29,15
1,40,3,1,27,3,5,14,57,1,5,12
1,30,1,4,29,3,5,13,20,3,17,15
1,42,1,10,29,3,5,14,28,3,6,11
1,44,3,2,27,3,5,21,10,5,22,17
1,48,3,6,29,3,5,23,23,5,20,16
1,43,3,10,28,3,5,23,4,4,26,19
1,59,0,9,25,3,5,22,43,2,21,11
1,59,2,8,29,3,5,23,5,1,7,11
1,48,1,5,26,3,5,21,19,5,14,19
1,48,3,1,27,3,5,23,38,3,20,15
1,45,6,10,28,3,5,22,38,1,27,15
1,52,0,9,28,3,5,21,28,3,10,11
1,44,7,1,29,3,5,22,20,4,5,16
1,53,1,5,29,3,5,4,11,2,27,9
1,53,1,8,25,3,5,0,34,5,24,14
1,46,2,3,28,3,5,3,58,2,21,19
1,46,0,7,26,3,5,2,26,1,23,19
1,56,7,7,29,3,5,6,52,2,15,10
1,54,4,5,25,3,5,6,57,5,19,10
1,37,6,0,26,3,4,15,57,1,16,7
1,33,7,5,29,3,4,13,7,4,23,9
1,34,7,10,28,3,4,16,18,5,18,9
1,37,7,7,29,3,4,17,24,3,25,7
1,37,5,4,26,3,4,13,4,5,8,8
1,39,7,10,29,3,4,13,41,1,11,7
1,37,1,0,29,3,4,14,32,1,13,7
1,39,6,5,27,3,4,14,37,3,30,7
1,39,3,9,29,3,4,16,30,5,22,8
1,34,4,9,29,3,4,15,48,5,11,9
1,49,4,4,27,3,4,22,47,1,17,10
1,49,3,1,29,3,4,21,32,4,6,8
1,54,4,6,26,3,4,22,36,4,12,7
1,49,6,5,26,3,4,22,0,4,23,10
1,47,0,1,26,3,4,23,27,5,8,9
1,56,5,5,26,3,4,21,5,1,8,7
1,46,4,1,25,3,4,22,19,1,8,9
1,58,2,7,29,3,4,23,39,3,21,7
1,45,2,7,25,3,4,23,45,3,17,9
1,44,3,6,27,3,4,21,42,3,11,10
1,43,5,1,28,3,4,6,7,1,21,9
1,49,1,3,26,3,4,0,23,2,22,10
1,48,2,6,27,3,4,4,32,2,18,10
1,44,3,5,28,3,4,1,44,3,6,9
1,47,2,6,29,3,4,4,15,5,7,10
1,46,5,0,25,3,4,4,8,4,20,10
1,36,6,4,25,3,4,13,7,5,12,7
1,42,7,2,25,3,4,14,58,5,19,7
1,30,4,3,26,3,4,16,9,1,22,10
1,36,6,0,29,3,4,13,51,1,22,7
1,34,4,3,29,3,4,17,58,5,21,10
1,33,6,5,29,3,4,17,44,1,18,10
1,33,3,0,27,3,4,17,26,4,7,8
1,34,4,0,26,3,4,13,31,5,6,9
1,30,4,9,25,3,4,16,24,5,19,10
1,35,2,7,28,3,4,16,43,5,19,10
1,48,0,10,26,3,4,22,25,4,5,10
1,48,0,5,29,3,4,21,8,3,6,10
1,48,3,3,27,3,4,23,19,2,6,8
1,48,4,10,26,3,4,22,29,2,24,8
1,48,2,7,27,3,4,21,8,1,30,8
1,43,5,10,29,3,4,21,56,3,5,9
1,43,6,8,28,3,4,22,12,2,30,8
1,43,3,4,25,3,4,21,11,5,27,8
1,53,1,5,28,3,4,21,52,1,10,7
1,50,4,1,26,3,4,22,5,5,19,7
1,48,3,4,26,3,4,0,39,4,25,10
1,56,1,2,27,3,4,4,2,4,24,7
1,44,5,5,29,3,4,3,22,5,21,9
1,44,2,10,26,3,4,0,36,5,19,8
1,50,4,0,26,3,4,6,10,4,8,7
1,46,0,10,26,3,4,6,40,4,15,9
1,41,3,1,29,4,5,14,12,4,28,6
1,40,3,6,25,4,5,13,49,3,8,6
1,38,5,4,25,4,5,15,52,5,5,4
1,41,3,3,25,4,5,13,15,4,25,5
1,40,4,9,27,4,5,17,34,4,16,7
1,38,2,5,29,4,5,14,55,5,19,4
1,40,3,10,28,4,5,15,49,1,5,4
1,41,6,6,26,4,5,15,21,4,14,7
1,36,1,2,28,4,5,17,34,2,10,6
1,35,3,7,29,4,5,17,25,5,22,9
1,43,0,0,28,4,5,22,9,4,8,10
1,49,5,2,25,4,5,23,8,3,20,10
1,49,4,1,27,4,5,23,37,4,9,10
1,59,1,8,29,4,5,22,59,5,24,4
1,51,4,10,28,4,5,21,36,3,19,6
1,45,4,0,25,4,5,22,57,1,15,10
1,45,4,7,27,4,5,23,30,5,25,9
1,53,3,7,29,4,5,23,42,2,19,4
1,43,6,9,27,4,5,21,48,2,29,9
1,43,2,0,25,4,5,23,24,4,27,8
1,45,3,7,28,4,5,4,8,2,20,9
1,44,7,6,29,4,5,0,17,3,8,9
1,50,0,6,25,4,5,3,49,1,10,7
1,49,0,4,28,4,5,4,26,1,16,9
1,58,4,8,27,4,5,3,23,2,13,4
1,45,1,9,28,4,5,2,9,1,7,9
1,0,7,3,27,4,5,16,4,4,13,8
1,38,0,9,28,4,5,15,6,5,24,7
1,36,1,7,28,4,5,13,30,5,22,7
1,38,2,10,29,4,5,16,26,5,5,5
1,38,5,0,25,4,5,17,8,3,19,8
1,37,5,3,26,4,5,15,17,2,8,6
1,38,3,4,27,4,5,13,33,5,5,4
1,36,3,3,29,4,5,15,40,2,13,7
1,40,0,5,28,4,5,17,58,3,6,7
1,40,4,7,25,4,5,16,6,4,16,5
1,40,0,10,29,4,5,23,37,2,7,8
1,43,0,7,26,4,5,21,40,2,15,9
1,50,1,2,29,4,5,23,56,1,29,6
1,54,6,8,26,4,5,22,28,2,6,5
1,57,0,0,28,4,5,21,23,4,29,6
1,50,7,6,26,4,5,22,54,4,25,6
1,50,6,1,26,4,5,21,16,3,26,5
1,54,1,3,29,4,5,21,45,1,11,5
1,50,6,7,25,4,5,23,14,2,15,5
1,55,6,8,27,4,5,23,28,5,7,7
1,46,7,6,29,4,5,2,16,4,23,10
1,43,1,5,25,4,5,4,14,3,29,10
1,58,1,4,26,4,5,1,31,1,10,4
1,48,0,10,29,4,5,4,34,3,30,10
1,59,6,4,27,4,5,2,21,1,5,5
1,53,5,8,29,4,5,6,18,5,14,7
1,42,2,2,27,4,5,18,6,5,26,13
1,32,6,4,25,4,5,18,2,4,22,19
1,42,5,3,26,4,5,19,21,2,40,13
1,33,0,6,26,4,5,17,0,3,37,20
1,38,4,1,26,4,5,19,1,1,24,16
1,36,5,4,29,4,5,18,2,1,29,13
1,37,7,5,29,4,5,18,39,2,53,10
1,31,1,0,25,4,5,17,3,3,49,23
1,39,3,8,26,4,5,17,45,4,24,16
1,34,0,9,29,4,5,19,9,1,48,19
1,36,6,7,26,4,5,8,11,3,43,11
1,42,7,5,27,4,5,9,36,3,50,14
1,36,2,3,29,4,5,8,19,1,30,15
1,32,2,9,25,4,5,9,46,1,54,21
1,34,1,9,29,4,5,7,6,4,39,18
1,34,1,10,28,4,5,7,0,1,39,19
1,34,0,4,28,4,5,9,52,4,54,17
1,42,3,0,28,4,5,7,56,2,30,14
1,40,6,7,27,4,5,7,56,2,25,16
1,39,5,10,29,4,5,9,13,4,32,10
1,35,0,9,27,4,5,12,11,1,26,20
1,42,3,7,27,4,5,12,42,3,44,13
1,42,6,6,25,4,5,12,5,1,24,17
1,31,6,4,25,4,5,12,48,3,31,23
1,40,7,7,25,4,5,12,50,4,44,13
1,31,4,5,27,4,5,13,50,1,44,19
1,32,5,7,29,3,4,17,56,1,36,18
1,37,7,5,25,3,4,18,5,1,21,13
1,33,4,4,29,3,4,18,31,4,42,16
1,33,7,10,28,3,4,18,38,3,41,19
1,31,6,1,29,3,4,18,34,1,37,17
1,33,2,2,26,3,4,17,42,2,34,20
1,41,7,7,29,3,4,17,39,4,42,14
1,39,0,0,25,3,4,19,44,2,32,13
1,30,4,7,27,3,4,18,1,2,37,16
1,32,5,4,27,3,4,17,14,3,45,20
1,31,2,6,27,3,4,7,17,1,26,16
1,35,3,3,25,3,4,8,50,5,46,20
1,34,3,5,28,3,4,7,56,2,33,18
1,34,4,0,26,3,4,9,5,5,46,15
1,40,5,6,25,3,4,9,55,3,34,13
1,40,1,8,27,3,4,7,22,3,40,14
1,32,0,10,27,3,4,9,18,1,40,17
1,37,2,9,25,3,4,8,20,5,35,14
1,37,7,10,28,3,4,9,32,2,44,15
1,32,4,8,28,3,4,7,3,3,32,18
1,30,7,6,26,3,4,12,1,2,47,17
1,32,0,7,29,3,4,13,30,2,39,20
1,33,6,7,26,3,4,13,47,2,46,17
1,36,2,4,27,3,4,13,30,5,41,12
1,31,3,3,25,3,4,13,34,3,36,17
1,37,3,7,29,3,4,13,12,1,36,10
1,41,5,7,28,3,5,18,19,3,32,16
1,31,5,0,28,3,5,18,21,1,33,21
1,40,5,9,25,3,5,19,39,5,33,15
1,32,0,4,26,3,5,17,53,1,30,19
1,31,7,3,29,3,5,17,49,2,27,21
1,35,7,2,28,3,5,18,39,3,35,24
1,30,3,9,29,3,5,19,32,1,32,19
1,34,6,9,28,3,5,17,24,4,42,19
1,31,4,7,26,3,5,19,17,2,52,24
1,35,3,3,26,3,5,18,27,5,28,24
1,34,1,10,25,3,5,8,37,4,34,19
1,34,0,7,25,3,5,8,4,3,21,21
1,30,6,5,27,3,5,7,3,5,46,19
1,35,1,2,25,3,5,9,20,1,28,24
1,35,7,0,26,3,5,7,52,3,21,18
1,33,4,4,28,3,5,7,24,1,39,19
1,35,0,2,27,3,5,9,41,5,32,24
1,32,3,9,29,3,5,8,25,1,51,21
1,32,1,4,25,3,5,8,41,1,35,23
1,32,0,7,27,3,5,9,6,3,22,18
1,35,7,0,28,3,5,12,49,1,44,20
1,34,7,4,29,3,5,12,52,2,26,19
1,31,5,2,25,3,5,13,3,4,27,21
1,38,1,10,25,3,5,12,5,3,42,16
1,30,2,3,25,3,5,12,15,4,37,21
1,30,5,4,25,3,5,12,45,4,26,21
1,33,2,4,26,2,3,17,29,4,41,20
1,42,3,4,26,2,3,18,56,5,34,17
1,33,2,5,29,2,3,19,45,5,41,25
1,42,2,3,26,2,3,19,29,3,26,16
1,31,4,10,25,2,3,17,16,5,23,22
1,42,7,5,28,2,3,18,34,2,39,17
1,33,6,6,27,2,3,17,50,5,50,24
1,37,1,10,29,2,3,17,30,1,44,16
1,33,6,1,28,2,3,19,15,1,52,20
1,37,0,10,25,2,3,19,59,4,27,18
1,39,6,9,27,2,3,7,30,1,49,17
1,39,7,10,25,2,3,8,37,1,54,16
1,32,2,7,29,2,3,9,23,2,27,21
1,32,4,0,26,2,3,9,59,2,42,19
1,33,6,10,27,2,3,7,26,1,47,24
1,38,4,5,29,2,3,9,4,5,52,16
1,38,5,3,29,2,3,8,26,3,46,19
1,30,0,9,27,2,3,8,40,3,46,22
1,42,5,1,29,2,3,7,7,4,38,16
1,32,6,10,28,2,3,8,45,5,21,21
1,33,2,9,26,2,3,13,43,1,24,21
1,35,7,8,29,2,3,12,11,1,49,24
1,32,1,9,28,2,3,12,5,1,33,20
1,32,3,3,26,2,3,12,48,2,30,20
1,30,5,0,26,2,3,12,38,5,39,25
1,31,5,4,26,2,3,13,18,1,54,21
1,30,5,0,29,2,4,17,5,3,23,29
1,38,2,2,25,2,4,18,42,2,31,25
1,32,3,5,25,2,4,18,33,2,51,28
1,33,1,1,26,2,4,19,39,4,49,28
1,31,7,5,26,2,4,18,14,3,53,29
1,33,4,6,26,2,4,18,8,5,38,28
1,33,3,0,29,2,4,18,27,4,25,29
1,31,7,10,28,2,4,19,26,1,52,29
1,31,5,5,29,2,4,19,20,5,30,28
1,37,7,8,25,2,4,19,5,1,28,26
1,37,4,1,27,2,4,8,37,3,52,27
1,41,4,9,28,2,4,9,46,1,28,26
1,35,0,2,25,2,4,9,18,3,28,29
1,30,7,7,26,2,4,8,52,2,46,28
1,35,6,0,29,2,4,8,7,1,45,28
1,41,5,2,28,2,4,8,38,1,48,26
1,40,7,7,28,2,4,9,31,5,26,26
1,40,0,8,25,2,4,9,4,2,32,27
1,41,0,5,27,2,4,9,21,1,42,26
1,31,7,10,26,2,4,8,47,5,24,28
1,41,7,10,25,2,4,13,56,2,42,26
1,33,4,8,27,2,4,13,48,1,28,29
1,42,5,0,29,2,4,12,7,3,25,25
1,30,3,8,27,2,4,13,23,3,37,28
1,32,3,1,27,2,4,13,37,5,26,29
1,34,2,2,25,2,4,12,57,1,30,28
1,39,6,2,29,2,5,18,23,1,45,29
1,35,4,4,29,2,5,19,38,5,46,32
1,30,6,6,25,2,5,19,7,1,21,31
1,39,7,6,28,2,5,17,15,2,34,28
1,42,2,1,26,2,5,18,41,5,53,29
1,42,1,4,29,2,5,19,32,5,27,28
1,41,3,6,27,2,5,17,1,5,49,28
1,41,1,1,28,2,5,17,24,5,36,30
1,34,5,4,28,2,5,18,31,5,52,33
1,35,1,4,25,2,5,19,18,4,23,33
1,33,7,8,29,2,5,7,15,4,22,31
1,34,4,2,29,2,5,8,29,5,44,33
1,39,6,7,25,2,5,8,1,1,32,29
1,33,7,9,25,2,5,9,9,3,32,32
1,38,7,4,26,2,5,9,37,5,53,29
1,35,6,10,28,2,5,8,36,2,53,31
1,32,4,10,26,2,5,9,3,5,41,33
1,41,1,5,29,2,5,9,57,3,52,29
1,33,1,0,27,2,5,7,12,5,42,32
1,30,1,9,27,2,5,9,55,4,45,31
1,30,1,3,25,2,5,13,3,5,39,32
1,37,4,4,29,2,5,12,25,2,54,28
1,32,2,7,25,2,5,13,50,3,46,33
1,32,7,4,27,2,5,12,24,3,30,32
1,32,4,10,27,2,5,12,5,1,35,30
1,34,5,1,27,2,5,13,24,4,54,33
1,30,1,5,26,1,4,17,8,1,54,40
1,30,2,2,25,1,4,19,45,2,22,39
1,30,2,5,29,1,4,19,57,1,35,39
1,30,5,1,29,1,4,18,37,3,24,40
1,30,7,4,25,1,4,18,54,4,53,38
1,30,5,8,25,1,4,18,46,1,20,38
1,34,5,8,29,1,4,17,0,3,44,39
1,38,5,2,25,1,4,18,13,4,45,37
1,38,4,6,28,1,4,17,7,1,34,38
1,41,0,6,27,1,4,19,37,2,35,36
1,37,1,1,26,1,4,7,25,3,33,36
1,40,0,0,25,1,4,8,17,1,38,36
1,40,5,0,28,1,4,8,5,5,26,38
1,33,4,9,25,1,4,8,34,3,31,40
1,35,2,9,26,1,4,7,9,1,46,40
1,36,5,9,26,1,4,9,8,5,53,37
1,35,0,9,25,1,4,7,18,1,46,40
1,35,0,1,29,1,4,7,35,1,46,38
1,36,1,0,26,1,4,9,42,5,21,36
1,37,3,9,27,1,4,8,32,1,30,37
1,34,6,9,25,1,4,12,42,4,34,39
1,33,1,1,28,1,4,13,44,2,25,40
1,42,4,1,26,1,4,13,46,5,50,37
1,31,6,9,26,1,4,13,10,1,22,39
1,38,1,7,27,1,4,13,13,1,52,36
1,34,1,3,25,1,4,13,11,4,27,39
1,0,3,8,26,1,3,18,25,3,29,23
1,32,3,10,26,1,3,18,27,2,29,27
1,33,4,2,28,1,3,18,36,4,22,24
1,32,1,4,25,1,3,18,30,1,17,26
1,35,5,5,25,1,3,19,53,2,34,28
1,31,2,9,25,1,3,18,29,4,23,26
1,31,6,1,26,1,3,19,19,1,29,28
1,31,7,0,27,1,3,17,55,3,24,28
1,35,5,9,25,1,3,19,30,3,33,25
1,33,0,10,26,1,3,19,3,3,21,28
1,32,3,2,29,1,3,8,53,3,23,24
1,30,7,2,29,1,3,7,13,2,32,26
1,42,1,2,28,1,3,7,45,1,23,21
1,32,5,1,29,1,3,7,0,5,20,27
1,32,5,7,26,1,3,9,4,4,27,23
1,35,0,8,29,1,3,9,11,4,33,26
1,35,2,3,25,1,3,9,23,1,34,23
1,33,0,7,28,1,3,9,7,1,18,28
1,32,4,4,28,1,3,8,53,2,34,25
1,35,1,3,26,1,3,9,55,3,24,24
1,36,3,1,27,1,3,13,7,5,39,20
1,32,6,7,28,1,3,12,41,1,31,26
1,30,6,3,29,1,3,13,20,3,17,27
1,32,6,0,25,1,3,13,14,2,21,27
1,35,6,6,28,1,3,13,39,3,38,26
1,35,5,7,26,1,3,12,51,4,32,23
1,33,3,1,28,1,2,19,32,3,18,11
1,35,4,10,26,1,2,19,38,5,18,15
1,38,4,5,26,1,2,18,9,1,13,7
1,38,1,6,29,1,2,18,45,2,18,7
1,41,7,7,26,1,2,18,33,2,17,8
1,42,1,1,25,1,2,17,59,2,15,8
1,32,2,3,27,1,2,18,5,3,19,14
1,33,7,4,29,1,2,19,16,3,18,15
1,40,2,7,29,1,2,18,53,5,13,8
1,33,0,3,28,1,2,17,57,4,17,14
1,34,4,9,26,1,2,9,42,3,17,15
1,31,1,9,28,1,2,8,48,3,17,11
1,34,6,1,25,1,2,7,28,4,11,13
1,35,2,1,28,1,2,7,17,2,12,11
1,35,5,0,26,1,2,9,11,4,19,10
1,34,3,8,26,1,2,9,39,2,19,14
1,32,1,6,26,1,2,7,33,2,18,14
1,30,1,5,25,1,2,7,43,4,11,12
1,33,5,6,27,1,2,7,7,3,13,13
1,33,3,8,28,1,2,9,45,4,19,10
1,35,7,0,26,1,2,13,36,3,16,11
1,36,6,4,29,1,2,12,21,4,18,8
1,39,6,9,29,1,2,12,7,2,16,7
1,39,5,4,28,1,2,13,20,2,16,10
1,39,3,6,28,1,2,12,55,2,12,10
1,33,7,3,25,1,2,12,4,4,11,12
1,0,1,1,28,1,5,19,20,4,43,40
1,40,5,4,28,1,5,18,50,5,47,38
1,32,2,1,29,1,5,17,9,5,35,43
1,42,4,7,25,1,5,18,23,2,35,36
1,35,2,2,28,1,5,17,27,3,51,46
1,40,1,2,26,1,5,19,44,4,45,36
1,32,1,7,28,1,5,18,6,1,32,42
1,31,6,5,28,1,5,18,38,4,45,48
1,41,5,9,29,1,5,17,46,4,39,39
1,35,6,8,27,1,5,19,15,5,51,48
1,41,0,0,25,1,5,8,0,3,30,39
1,30,1,6,27,1,5,7,56,4,34,44
1,30,1,1,26,1,5,8,26,2,49,44
1,30,7,2,26,1,5,9,59,1,40,49
1,35,2,3,29,1,5,8,3,4,46,49
1,35,5,4,25,1,5,9,59,4,40,49
1,32,5,3,28,1,5,9,26,2,45,45
1,32,2,9,25,1,5,7,38,1,49,46
1,38,6,7,26,1,5,9,41,3,52,38
1,33,6,1,25,1,5,9,57,4,39,43
1,38,6,5,29,1,5,13,3,2,54,39
1,39,2,8,28,1,5,13,22,1,43,38
1,32,5,2,27,1,5,12,28,4,44,46
1,32,0,7,28,1,5,12,5,5,41,40
1,33,3,1,27,1,5,13,18,4,37,43
1,32,4,8,27,1,5,12,38,3,32,43
1,42,2,1,28,1,5,17,13,5,29,35
1,38,0,0,26,1,5,18,43,5,34,39
1,35,0,0,29,1,5,18,30,5,40,42
1,34,0,0,26,1,5,12,20,5,38,43
1,32,0,0,26,1,5,12,40,5,38,47
1,32,6,7,26,1,5,17,20,2,49,44
1,32,0,6,27,1,5,19,33,4,47,42
1,35,5,4,28,1,5,19,36,4,48,47
1,30,5,2,27,1,5,19,31,5,38,49
1,38,0,10,28,1,5,19,28,3,44,37
1,30,3,6,25,1,5,17,28,1,46,47
1,32,2,8,27,1,5,19,23,3,45,47
1,42,4,4,29,1,5,18,14,4,33,35
1,33,5,4,28,1,5,19,31,1,33,46
1,35,3,4,28,1,5,19,47,5,53,44
1,34,1,10,29,1,5,19,47,2,51,43
1,32,1,7,26,1,5,9,6,4,41,45
1,40,3,7,27,1,5,9,53,3,37,39
1,42,7,5,29,1,5,7,32,3,46,39
1,35,4,1,29,1,5,9,52,1,37,43
1,35,0,7,29,1,5,7,17,3,47,40
1,36,2,10,29,1,5,9,26,2,42,38
1,34,1,10,27,1,5,7,32,3,33,44
1,31,4,0,29,1,5,7,39,5,32,44
1,40,5,6,27,1,5,8,45,2,45,38
1,32,7,10,25,1,5,7,47,5,42,49
1,36,6,8,28,1,5,12,40,1,51,37
1,34,3,4,25,1,5,12,1,1,53,42
1,30,5,9,27,1,5,12,44,4,46,44
1,31,7,7,25,1,5,13,16,4,35,44
1,33,5,4,25,1,5,13,9,3,48,43
1,30,4,0,27,1,5,13,0,2,35,47
1,34,3,7,25,1,2,18,26,3,16,12
1,41,4,2,26,1,2,19,44,3,14,7
1,33,7,1,29,1,2,19,48,5,18,15
1,40,7,2,28,1,2,17,2,2,18,9
1,36,6,4,27,1,2,17,39,4,13,8
1,38,3,5,29,1,2,19,9,4,12,8
1,36,5,6,28,1,2,19,6,3,12,8
1,36,3,7,28,1,2,19,6,3,20,9
1,31,3,4,25,1,2,19,58,5,13,12
1,35,6,1,29,1,2,19,29,2,16,12
1,38,5,6,26,1,2,7,16,3,20,9
1,34,6,7,29,1,2,8,26,2,12,15
1,34,0,2,26,1,2,7,6,3,19,10
1,34,7,3,29,1,2,8,59,5,17,10
1,35,2,6,29,1,2,8,10,4,19,12
1,32,6,1,28,1,2,7,10,3,10,12
1,33,0,7,26,1,2,7,13,2,10,11
1,31,4,1,25,1,2,7,4,1,20,13
1,32,4,8,27,1,2,8,26,2,16,12
1,38,4,0,25,1,2,8,58,3,15,9
1,42,6,1,28,1,2,13,14,2,13,9
1,30,4,7,26,1,2,12,48,3,15,15
1,36,2,1,27,1,2,13,55,4,12,7
1,31,1,5,26,1,2,13,26,3,15,11
1,38,5,7,29,1,2,12,53,2,20,9
1,39,3,7,26,1,2,12,20,4,15,9
1,0,1,0,25,1,3,17,18,2,17,25
1,42,6,8,26,1,3,17,10,2,38,21
1,39,5,4,28,1,3,18,26,2,23,22
1,40,0,2,26,1,3,18,40,1,25,21
1,36,5,8,27,1,3,17,1,4,38,22
1,36,5,4,27,1,3,19,43,3,22,24
1,38,6,3,26,1,3,17,54,1,33,24
1,34,1,9,28,1,3,17,1,1,34,27
1,37,2,0,28,1,3,19,12,2,25,24
1,35,4,10,28,1,3,19,36,5,22,26
1,32,2,1,28,1,3,8,57,3,19,28
1,42,2,10,26,1,3,8,58,3,17,21
1,42,1,4,28,1,3,7,54,3,33,25
1,40,5,3,25,1,3,9,2,5,29,21
1,37,5,10,29,1,3,7,34,3,29,24
1,36,5,0,25,1,3,9,9,3,30,20
1,39,0,8,25,1,3,9,51,4,34,24
1,37,5,2,29,1,3,7,32,2,18,23
1,34,5,7,27,1,3,8,13,4,36,27
1,38,4,8,28,1,3,8,58,2,37,21
1,35,0,7,29,1,3,12,26,5,21,27
1,35,2,8,25,1,3,12,27,2,39,25
1,31,4,9,26,1,3,13,18,1,26,26
1,31,5,9,29,1,3,12,14,3,34,27
1,31,5,7,29,1,3,12,36,2,38,28
1,33,4,2,28,1,3,12,56,5,30,28
1,31,5,6,27,1,4,18,45,1,21,37
1,33,0,8,29,1,4,19,3,3,39,37
1,37,3,2,28,1,4,19,13,1,36,27
1,31,6,2,29,1,4,18,5,3,35,35
1,33,0,3,26,1,4,17,13,4,35,32
1,31,1,2,25,1,4,17,56,4,27,38
1,30,4,2,25,1,4,19,40,4,20,31
1,30,0,5,26,1,4,17,30,5,29,37
1,34,1,5,26,1,4,19,59,5,22,31
1,32,7,1,29,1,4,17,37,3,46,35
1,31,0,6,25,1,4,8,8,4,48,36
1,33,6,3,26,1,4,7,46,4,53,31
1,35,1,7,26,1,4,9,44,1,28,35
1,32,6,10,29,1,4,9,29,3,35,37
1,39,7,2,27,1,4,7,0,1,27,27
1,38,2,10,29,1,4,8,49,5,49,26
1,35,5,1,27,1,4,7,39,1,49,37
1,31,2,8,28,1,4,9,27,4,51,34
1,34,0,2,26,1,4,9,36,1,45,38
1,30,0,3,25,1,4,7,7,4,37,39
1,41,4,7,29,1,4,12,43,5,53,26
1,36,3,3,25,1,4,12,29,1,44,26
1,36,1,6,25,1,4,12,10,3,20,27
1,32,4,6,28,1,4,12,37,3,23,33
1,41,5,6,28,1,4,12,8,1,25,29
1,33,6,7,28,1,4,12,26,5,38,35
1,31,3,1,25,2,5,17,29,4,43,33
1,31,2,5,26,2,5,17,25,4,42,30
1,32,4,0,27,2,5,19,24,5,36,32
1,38,4,8,29,2,5,17,23,4,33,28
1,34,1,3,28,2,5,19,21,1,37,32
1,32,2,5,25,2,5,17,14,2,25,33
1,37,2,6,28,2,5,19,34,2,41,28
1,38,5,8,29,2,5,19,28,5,21,28
1,38,1,1,27,2,5,18,31,3,28,30
1,40,0,5,29,2,5,18,27,2,26,28
1,30,7,1,25,2,5,9,22,3,44,32
1,30,7,9,26,2,5,8,9,4,48,30
1,31,2,2,27,2,5,7,26,3,24,32
1,32,2,3,25,2,5,7,40,3,33,33
1,37,7,5,25,2,5,7,57,3,48,28
1,36,1,6,29,2,5,9,39,2,42,29
1,31,1,2,29,2,5,7,34,3,51,31
1,32,7,2,25,2,5,8,43,3,34,33
1,33,2,5,28,2,5,7,47,3,33,32
1,36,4,2,28,2,5,7,43,3,26,28
1,33,1,6,28,2,5,12,29,1,40,32
1,32,1,3,28,2,5,12,38,4,42,31
1,33,6,6,29,2,5,12,16,1,33,31
1,33,4,1,29,2,5,12,16,2,24,30
1,34,7,1,26,2,5,12,26,2,29,32
1,39,7,10,25,2,5,13,42,5,32,29
1,0,1,0,26,2,4,19,27,1,40,26
1,0,5,4,26,2,4,18,37,5,27,26
1,35,5,3,25,2,4,18,28,4,32,27
1,31,4,2,28,2,4,18,53,1,43,30
1,34,5,6,28,2,4,19,28,3,34,29
1,41,4,9,29,2,4,19,18,5,32,25
1,30,6,9,29,2,4,17,47,3,48,30
1,40,5,5,25,2,4,17,49,1,53,25
1,32,2,2,26,2,4,19,40,4,37,30
1,30,3,5,26,2,4,18,25,1,26,29
1,33,1,1,25,2,4,9,54,4,39,27
1,34,4,8,29,2,4,8,39,1,51,28
1,31,1,0,28,2,4,9,2,3,42,27
1,34,7,4,26,2,4,9,44,4,31,30
1,37,2,9,29,2,4,8,58,5,30,25
1,31,7,4,25,2,4,9,28,3,26,28
1,35,2,8,26,2,4,7,36,1,37,28
1,33,2,9,29,2,4,7,15,4,43,27
1,30,3,1,29,2,4,7,54,5,43,28
1,31,2,6,25,2,4,9,56,3,29,29
1,31,5,1,29,2,4,13,54,4,46,26
1,31,7,9,25,2,4,13,24,1,47,27
1,35,1,6,27,2,4,13,3,4,28,30
1,35,3,7,25,2,4,12,52,4,34,27
1,30,3,5,25,2,4,12,49,5,24,30
1,35,5,4,27,2,4,12,59,5,41,30
1,41,0,2,27,2,3,18,50,5,28,18
1,42,5,2,28,2,3,18,21,3,35,17
1,34,6,6,28,2,3,17,12,4,41,25
1,40,1,1,27,2,3,19,36,1,38,17
1,39,1,7,28,2,3,18,31,4,38,16
1,35,1,2,25,2,3,17,45,2,29,22
1,32,5,9,25,2,3,19,47,4,33,22
1,35,6,8,28,2,3,17,0,3,24,23
1,33,1,10,25,2,3,17,48,4,44,21
1,36,5,1,26,2,3,17,12,2,48,18
1,41,6,8,26,2,3,8,38,5,54,17
1,41,7,10,29,2,3,9,19,4,30,19
1,38,0,2,26,2,3,7,25,1,26,18
1,41,7,4,28,2,3,7,49,5,41,16
1,41,2,4,29,2,3,7,12,1,30,18
1,33,7,8,26,2,3,7,24,1,42,22
1,40,2,1,27,2,3,9,32,2,39,17
1,40,4,1,27,2,3,9,14,3,50,17
1,40,5,3,26,2,3,8,4,3,24,19
1,40,6,2,27,2,3,7,13,3,27,19
1,32,1,3,28,2,3,13,29,2,41,24
1,39,0,6,26,2,3,13,5,1,22,17
1,42,7,10,27,2,3,12,35,4,35,16
1,31,0,10,29,2,3,12,58,3,46,20
1,39,7,7,28,2,3,12,16,4,39,17
1,30,5,2,29,2,3,13,22,2,25,20
1,38,7,7,29,3,5,19,44,4,54,15
1,33,2,5,27,3,5,18,39,3,25,19
1,38,1,4,29,3,5,19,17,2,39,17
1,37,1,10,28,3,5,17,26,3,36,16
1,35,4,8,29,3,5,17,16,3,50,23
1,42,0,2,28,3,5,17,16,1,41,16
1,30,0,0,29,3,5,19,40,2,25,22
1,30,1,0,25,3,5,18,8,1,26,18
1,32,5,7,25,3,5,18,10,3,54,21
1,31,0,8,26,3,5,19,9,2,31,23
1,33,3,0,27,3,5,8,15,3,38,23
1,32,5,7,25,3,5,7,22,2,46,23
1,32,4,8,27,3,5,7,31,3,54,18
1,30,1,2,25,3,5,7,49,5,47,23
1,32,2,7,27,3,5,7,31,4,23,21
1,32,2,1,28,3,5,7,6,5,50,24
1,33,4,3,28,3,5,9,35,3,35,24
1,32,7,9,27,3,5,9,12,3,29,24
1,30,4,6,28,3,5,9,53,5,32,22
1,35,6,1,29,3,5,7,15,4,29,19
1,31,0,2,25,3,5,12,57,2,23,23
1,31,6,6,28,3,5,12,48,2,37,18
1,31,6,4,27,3,5,13,34,1,23,23
1,31,1,2,27,3,5,12,20,3,25,18
1,34,3,6,29,3,5,13,54,3,36,20
1,31,2,9,25,3,5,13,21,2,41,19
1,39,5,2,25,3,4,18,12,5,37,11
1,32,1,5,26,3,4,19,46,5,41,19
1,34,1,3,27,3,4,17,51,5,31,19
1,36,0,2,26,3,4,17,54,4,53,12
1,38,3,10,25,3,4,17,26,4,54,12
1,40,6,8,25,3,4,17,7,1,22,10
1,37,6,8,25,3,4,19,46,1,26,13
1,41,5,0,27,3,4,17,12,2,27,14
1,35,5,5,26,3,4,17,25,5,52,19
1,41,1,10,26,3,4,19,55,4,53,14
1,33,4,3,26,3,4,7,17,1,30,20
1,33,7,1,29,3,4,7,56,2,26,15
1,38,3,1,28,3,4,9,7,4,24,14
1,38,3,0,26,3,4,7,51,4,51,15
1,38,6,4,28,3,4,9,23,2,23,15
1,40,6,7,26,3,4,8,41,5,25,13
1,32,4,10,29,3,4,9,43,5,26,19
1,31,2,2,28,3,4,9,57,1,21,20
1,31,6,10,28,3,4,9,46,2,49,20
1,36,6,3,26,3,4,8,39,4,28,12
1,40,3,8,28,3,4,12,34,1,41,10
1,34,4,3,28,3,4,13,35,5,37,16
1,39,7,1,25,3,4,12,2,4,42,14
1,35,6,9,29,3,4,13,36,1,47,19
1,35,7,3,26,3,4,12,44,4,40,19
1,34,4,0,25,3,4,13,9,4,25,18
1,36,0,3,27,4,5,18,38,3,51,10
1,40,6,8,25,4,5,19,22,5,41,11
1,41,7,6,27,4,5,19,58,5,37,12
1,30,5,10,27,4,5,17,27,4,23,19
1,30,0,5,28,4,5,19,20,1,30,18
1,31,0,8,26,4,5,19,30,3,27,17
1,35,5,8,26,4,5,18,40,3,28,22
1,33,3,3,28,4,5,17,21,2,39,16
1,32,6,6,29,4,5,17,23,4,46,23
1,33,0,10,29,4,5,17,40,2,27,23
1,34,1,1,29,4,5,8,34,3,46,20
1,34,0,5,29,4,5,9,32,3,35,22
1,30,6,9,28,4,5,7,11,1,41,21
1,30,4,6,29,4,5,7,12,4,38,15
1,35,7,7,25,4,5,7,21,3,24,19
1,31,1,8,27,4,5,7,42,1,43,22
1,37,7,6,28,4,5,7,5,3,32,10
1,37,1,8,28,4,5,7,22,4,32,15
1,36,7,10,26,4,5,8,15,1,21,12
1,36,7,6,28,4,5,8,52,4,23,15
1,41,0,7,29,4,5,13,46,4,44,12
1,33,7,10,26,4,5,12,39,3,43,21
1,41,2,3,29,4,5,12,43,4,42,12
1,38,5,7,29,4,5,13,15,3,28,12
1,40,1,8,26,4,5,12,30,5,46,13
1,36,4,9,25,4,5,13,23,1,34,14
1,0,7,3,27,1,5,21,52,0,8,26
1,40,4,1,29,1,5,21,35,0,8,22
1,30,2,9,29,1,5,10,26,0,22,29
1,34,2,0,27,1,5,12,52,0,23,27
1,38,0,2,27,1,5,16,8,0,18,22
1,32,7,2,29,1,5,7,8,0,3,27
1,34,0,8,25,1,5,18,2,0,29,32
1,36,0,7,25,1,5,13,32,0,18,20
1,34,4,4,25,1,5,21,46,0,17,32
1,33,6,3,27,1,5,17,20,0,3,33
1,33,0,3,27,1,5,14,45,0,4,26
1,32,2,4,26,1,5,19,57,0,1,34
1,38,6,1,25,1,5,17,28,0,16,24
1,30,3,2,28,1,5,18,48,0,13,32
1,36,4,5,27,1,5,17,28,0,17,25
1,36,5,8,26,1,5,15,59,0,21,26
1,40,5,0,26,1,5,12,18,0,13,20
1,34,4,0,26,1,5,17,59,0,14,28
1,36,7,9,28,1,5,21,6,0,14,23
1,40,2,7,29,1,5,15,49,0,8,20
1,47,3,4,29,1,5,9,25,6,14,29
1,49,1,5,25,1,5,14,32,6,8,27
1,49,2,3,29,1,5,16,21,6,9,26
1,44,7,6,26,1,5,21,3,6,3,27
1,58,4,9,27,1,5,14,53,6,25,22
1,51,7,3,27,1,5,20,11,6,25,23
1,49,2,8,25,1,5,15,42,6,26,28
1,50,1,4,29,1,5,13,3,6,10,25
1,59,2,9,27,1,5,8,54,6,9,22
1,48,2,0,29,1,5,9,10,6,1,28
1,51,1,9,28,1,5,20,16,6,29,25
1,48,1,5,25,1,5,18,6,6,26,34
1,49,5,6,27,1,5,8,13,6,13,31
1,48,4,10,26,1,5,7,53,6,3,27
1,57,6,8,25,1,5,10,56,6,11,23
1,48,6,9,27,1,5,7,3,6,14,32
1,43,5,8,28,1,5,9,9,6,13,33
1,51,4,3,28,1,5,12,22,6,13,24
1,50,3,5,25,1,5,9,55,6,18,23
1,47,2,5,26,1,5,18,2,6,29,32